S.No.,Date,Nepse Index Value,Absolute Change,Percent Change
1,7/27/2015,1054.89,0.94,0.09%
2,7/28/2015,1028.14,-18.26,-1.75%
3,7/29/2015,1021.33,-6.81,-0.66%
4,7/30/2015,1027.98,6.65,0.65%
5,8/2/2015,1034.14,6.16,0.60%
6,8/3/2015,1030.4,-3.74,-0.36%
7,8/4/2015,1029.92,-0.48,-0.05%
8,8/5/2015,1034.02,4.1,0.40%
9,8/6/2015,1039.02,5,0.48%
10,8/9/2015,1063.41,23.05,2.22%
11,8/10/2015,1081.36,17.95,1.69%
12,8/11/2015,1077.78,-3.58,-0.33%
13,8/12/2015,1077.19,-0.59,-0.05%
14,8/13/2015,1088.42,11.23,1.04%
15,8/16/2015,1112.05,23.63,2.17%
16,8/17/2015,1157.6,45.55,4.10%
17,8/18/2015,1159.93,2.33,0.20%
18,8/19/2015,1191.92,31.99,2.76%
19,8/20/2015,1200.92,9,0.76%
20,8/23/2015,1184.67,-16.25,-1.35%
21,8/24/2015,1181.75,-2.92,-0.25%
22,8/25/2015,1181.41,-0.34,-0.03%
23,8/26/2015,1175.57,-5.84,-0.49%
24,8/27/2015,1183.76,8.19,0.70%
25,8/31/2015,1200.15,16.39,1.38%
26,9/1/2015,1191.34,-8.81,-0.73%
27,9/2/2015,1176.26,-15.08,-1.27%
28,9/3/2015,1169.4,-6.86,-0.58%
29,9/6/2015,1166.69,-2.71,-0.23%
30,9/7/2015,1170.97,4.28,0.37%
31,9/8/2015,1174.69,3.72,0.32%
32,9/9/2015,1173.16,-1.53,-0.13%
33,9/10/2015,1168.71,-4.45,-0.38%
34,9/13/2015,1183.93,15.22,1.30%
35,9/14/2015,1194.11,10.18,0.86%
36,9/15/2015,1205.84,11.73,0.98%
37,9/16/2015,1202.81,-3.03,-0.25%
38,9/17/2015,1196.02,-6.79,-0.56%
39,9/22/2015,1156.08,-39.94,-3.34%
40,9/23/2015,1183.36,27.28,2.36%
41,9/24/2015,1176.86,-6.5,-0.55%
42,9/28/2015,1160.09,-16.77,-1.42%
43,9/29/2015,1169.3,9.21,0.79%
44,9/30/2015,1181.28,11.98,1.02%
45,10/1/2015,1178.74,-2.54,-0.22%
46,10/4/2015,1183.48,4.74,0.40%
47,10/5/2015,1171.27,-12.21,-1.03%
48,10/6/2015,1158.79,-12.48,-1.07%
49,10/7/2015,1149.45,-9.34,-0.81%
50,10/8/2015,1162.06,12.61,1.10%
51,10/11/2015,1143.88,-18.18,-1.56%
52,10/14/2015,1135.09,-8.79,-0.77%
53,10/15/2015,1134.47,-0.62,-0.05%
54,10/18/2015,1119.83,-14.64,-1.29%
55,10/19/2015,1127.42,7.59,0.68%
56,10/25/2015,1121.05,-6.37,-0.57%
57,10/27/2015,1091.73,-29.32,-2.62%
58,10/28/2015,1084.37,-7.36,-0.67%
59,10/29/2015,1092.04,7.67,0.71%
60,11/1/2015,1088.3,-3.74,-0.34%
61,11/2/2015,1091.83,3.53,0.32%
62,11/3/2015,1085.87,-5.96,-0.55%
63,11/4/2015,1092.3,6.43,0.59%
64,11/5/2015,1090.68,-1.62,-0.15%
65,11/8/2015,1086.57,-4.11,-0.38%
66,11/9/2015,1107.43,20.86,1.92%
67,11/10/2015,1109.29,1.86,0.17%
68,11/15/2015,1100.09,-9.2,-0.83%
69,11/16/2015,1094.18,-5.91,-0.54%
70,11/18/2015,1099.25,5.07,0.46%
71,11/19/2015,1094.57,-4.68,-0.43%
72,11/22/2015,1071.38,-23.19,-2.12%
73,11/23/2015,1075.8,4.42,0.41%
74,11/24/2015,1066.69,-9.11,-0.85%
75,11/25/2015,1056.42,-10.27,-0.96%
76,11/26/2015,1044.01,-12.41,-1.17%
77,12/1/2015,1066.38,32.26,3.12%
78,12/2/2015,1062.78,-3.6,-0.34%
79,12/3/2015,1072.94,10.16,0.96%
80,12/6/2015,1103.21,30.27,2.82%
81,12/7/2015,1107.94,5.1,0.46%
82,12/8/2015,1107.23,-0.71,-0.06%
83,12/9/2015,1122.79,15.56,1.41%
84,12/10/2015,1119.35,-3.44,-0.31%
85,12/13/2015,1118.57,-0.78,-0.07%
86,12/14/2015,1120.18,1.61,0.14%
87,12/15/2015,1121.02,0.84,0.07%
88,12/16/2015,1116.19,-4.83,-0.43%
89,12/17/2015,1110.68,-5.51,-0.49%
90,12/20/2015,1118.95,8.27,0.74%
91,12/21/2015,1131.52,12.57,1.12%
92,12/22/2015,1138.18,6.66,0.59%
93,12/23/2015,1133.34,-4.84,-0.43%
94,12/24/2015,1137.03,3.69,0.33%
95,12/27/2015,1135.47,-1.56,-0.14%
96,12/28/2015,1131.95,-3.52,-0.31%
97,12/29/2015,1142.17,10.22,0.90%
98,12/31/2015,1151.38,9.21,0.81%
99,1/3/2016,1160.84,9.46,0.82%
100,1/4/2016,1154.62,-6.22,-0.54%
101,1/6/2016,1149.89,3.12,0.27%
102,1/7/2016,1164.14,14.25,1.24%
103,1/10/2016,1167.18,3.04,0.26%
104,1/11/2016,1168.81,1.63,0.14%
105,1/12/2016,1173.6,4.79,0.41%
106,1/13/2016,1180.98,7.38,0.63%
107,1/14/2016,1190.16,9.18,0.78%
108,1/17/2016,1209.8,19.64,1.65%
109,1/18/2016,1214.31,2.31,0.19%
110,1/19/2016,1213.71,-0.6,-0.05%
111,1/20/2016,1213.57,-0.14,-0.01%
112,1/21/2016,1212.32,-1.25,-0.10%
113,1/24/2016,1219.62,7.3,0.60%
114,1/25/2016,1222.43,2.81,0.23%
115,1/26/2016,1218.39,-4.04,-0.33%
116,1/27/2016,1216.96,-1.43,-0.12%
117,1/28/2016,1216.11,-0.85,-0.07%
118,1/31/2016,1220.7,4.59,0.38%
119,2/1/2016,1238.02,17.32,1.42%
120,2/2/2016,1240.07,2.05,0.17%
121,2/3/2016,1242.13,2.06,0.17%
122,2/4/2016,1251.29,9.16,0.74%
123,2/7/2016,1262.82,11.4,0.91%
124,2/8/2016,1263.75,0.93,0.07%
125,2/11/2016,1263.72,-0.03,0%
126,2/14/2016,1259.35,-4.37,-0.35%
127,2/15/2016,1258.23,-1.12,-0.09%
128,2/16/2016,1257.34,-0.89,-0.07%
129,2/17/2016,1262.52,5.18,0.41%
130,2/18/2016,1273.28,7.2,0.57%
131,2/21/2016,1278.92,5.64,0.44%
132,2/22/2016,1291.81,12.89,1.01%
133,2/23/2016,1285.93,-5.88,-0.46%
134,2/24/2016,1279.9,-6.03,-0.47%
135,2/25/2016,1283.52,3.62,0.28%
136,2/28/2016,1283.67,0.15,0.01%
137,2/29/2016,1283.94,0.27,0.02%
138,3/1/2016,1289.52,5.58,0.43%
139,3/2/2016,1295.78,6.26,0.49%
140,3/3/2016,1300.76,4.98,0.38%
141,3/6/2016,1306.54,5.78,0.44%
142,3/10/2016,1318.03,11.49,0.88%
143,3/13/2016,1318.88,0.85,0.06%
144,3/14/2016,1312.2,-6.68,-0.51%
145,3/15/2016,1312.85,0.65,0.05%
146,3/16/2016,1315.77,2.92,0.22%
147,3/17/2016,1326.53,10.76,0.82%
148,3/20/2016,1343.93,17.4,1.31%
149,3/21/2016,1342.07,-1.86,-0.14%
150,3/23/2016,1345.53,3.46,0.26%
151,3/24/2016,1357.14,11.61,0.86%
152,3/27/2016,1377.33,20.19,1.49%
153,3/28/2016,1374.75,-2.58,-0.19%
154,3/29/2016,1370.04,-4.71,-0.34%
155,3/30/2016,1362.98,-7.06,-0.52%
156,3/31/2016,1355.48,-7.5,-0.55%
157,4/3/2016,1351.54,-3.94,-0.29%
158,4/4/2016,1362.53,10.99,0.81%
159,4/5/2016,1375.26,12.73,0.93%
160,4/6/2016,1377.42,2.16,0.16%
161,4/10/2016,1382.42,5,0.36%
162,4/11/2016,1383.85,1.43,0.10%
163,4/12/2016,1388.63,4.78,0.35%
164,4/14/2016,1405.78,17.15,1.24%
165,4/17/2016,1409.43,3.65,0.26%
166,4/18/2016,1428.6,19.17,1.36%
167,4/19/2016,1430.81,2.21,0.15%
168,4/20/2016,1440.69,9.88,0.69%
169,4/21/2016,1441.67,0.98,0.07%
170,4/24/2016,1454.35,12.68,0.88%
171,4/25/2016,1461.75,7.4,0.51%
172,4/26/2016,1453.11,-8.64,-0.59%
173,4/27/2016,1458.38,5.27,0.36%
174,4/28/2016,1464.91,6.53,0.45%
175,5/2/2016,1474.47,9.56,0.65%
176,5/3/2016,1471.95,-2.52,-0.17%
177,5/4/2016,1468.11,-3.84,-0.26%
178,5/5/2016,1463.13,-4.98,-0.34%
179,5/8/2016,1472.69,9.56,0.65%
180,5/9/2016,1482.9,10.21,0.69%
181,5/10/2016,1484.04,1.14,0.08%
182,5/11/2016,1481.18,-2.86,-0.19%
183,5/12/2016,1481.94,0.76,0.05%
184,5/15/2016,1477.38,-4.56,-0.31%
185,5/16/2016,1467.51,-9.87,-0.67%
186,5/17/2016,1483.68,16.17,1.10%
187,5/18/2016,1496.41,12.73,0.86%
188,5/19/2016,1499.32,2.91,0.19%
189,5/22/2016,1509.39,10.07,0.67%
190,5/23/2016,1524.07,14.68,0.97%
191,5/24/2016,1544.53,20.46,1.34%
192,5/25/2016,1524.12,-20.41,-1.32%
193,5/26/2016,1525.09,0.97,0.06%
194,5/29/2016,1522.25,-2.84,-0.19%
195,5/30/2016,1526.96,4.71,0.31%
196,5/31/2016,1532.12,5.16,0.34%
197,6/1/2016,1523.56,-8.56,-0.56%
198,6/2/2016,1518.12,-5.44,-0.36%
199,6/5/2016,1483.14,-34.98,-2.30%
200,6/6/2016,1516.8,33.66,2.27%
201,6/7/2016,1531.49,14.69,0.97%
202,6/8/2016,1546.8,15.31,1%
203,6/9/2016,1566.7,19.9,1.29%
204,6/12/2016,1597.96,31.26,2%
205,6/13/2016,1609.59,11.63,0.73%
206,6/14/2016,1614.15,4.56,0.28%
207,6/15/2016,1620.47,6.32,0.39%
208,6/16/2016,1632.94,12.47,0.77%
209,6/19/2016,1622.27,-10.67,-0.65%
210,6/20/2016,1615.1,-7.17,-0.44%
211,6/21/2016,1628.81,13.71,0.85%
212,6/22/2016,1647.51,18.7,1.15%
213,6/23/2016,1666.83,19.32,1.17%
214,6/26/2016,1685.17,18.88,1.13%
215,6/27/2016,1712.84,36.6,1.64%
216,6/28/2016,1724.19,11.35,0.66%
217,6/29/2016,1724.59,0.4,0.02%
218,6/30/2016,1723.23,-1.36,-0.08%
219,7/3/2016,1719.2,-4.03,-0.23%
220,7/4/2016,1716.83,-2.37,-0.14%
221,7/5/2016,1713.03,-3.8,-0.22%
222,7/6/2016,1715.72,2.69,0.16%
223,7/10/2016,1722.53,6.81,0.40%
224,7/11/2016,1702.27,-20.26,-1.18%
225,7/12/2016,1693.07,-9.2,-0.54%
226,7/13/2016,1690.43,-2.64,-0.16%
227,7/14/2016,1718.15,27.72,1.64%
228,7/17/2016,1745.74,27.59,1.61%
229,7/18/2016,1783,37.26,2.13%
230,7/19/2016,1800.47,13.9,0.78%
231,7/20/2016,1786.84,-13.63,-0.76%
232,7/21/2016,1798.83,0,0%
233,7/25/2016,1833.89,35.06,1.95%
234,7/26/2016,1866.5,28.01,1.52%
235,7/27/2016,1881.45,14.95,0.80%
236,7/28/2016,1877.93,-3.52,-0.19%
237,7/31/2016,1862.76,-15.17,-0.81%
238,8/1/2016,1845.41,-17.35,-0.93%
239,8/2/2016,1826.47,-18.94,-1.03%
240,8/3/2016,1813.72,-12.75,-0.70%
241,8/4/2016,1768.6,-45.12,-2.49%
242,8/7/2016,1764.72,-3.88,-0.22%
243,8/8/2016,1675.91,-88.81,-5.03%
244,8/9/2016,1760.42,84.51,5.04%
245,8/10/2016,1779.57,19.15,1.09%
246,8/11/2016,1774.87,-4.7,-0.26%
247,8/14/2016,1733.93,-40.94,-2.31%
248,8/15/2016,1694.81,-39.12,-2.26%
249,8/16/2016,1717.45,22.64,1.34%
250,8/17/2016,1734.99,17.54,1.02%
251,8/21/2016,1722.43,-12.63,-0.73%
252,8/22/2016,1683.12,-39.31,-2.28%
253,8/23/2016,1681.86,-1.26,-0.07%
254,8/24/2016,1730.62,48.76,2.90%
255,8/28/2016,1748.23,17.61,1.02%
256,8/29/2016,1766.54,18.31,1.05%
257,8/30/2016,1788.08,21.54,1.22%
258,8/31/2016,1797.45,9.37,0.52%
259,9/1/2016,1805.18,7.73,0.43%
260,9/4/2016,1819.83,14.65,0.81%
261,9/5/2016,1838.9,19.07,1.05%
262,9/6/2016,1834.8,-4.1,-0.22%
263,9/7/2016,1824.83,-9.97,-0.54%
264,9/8/2016,1823.05,-1.78,-0.10%
265,9/11/2016,1816.81,-6.24,-0.34%
266,9/12/2016,1818.69,1.88,0.10%
267,9/14/2016,1815.17,-3.52,-0.19%
268,9/18/2016,1804.48,-10.69,-0.59%
269,9/20/2016,1786.5,-17.98,-1%
270,9/21/2016,1779.13,-7.37,-0.41%
271,9/22/2016,1766.91,-12.22,-0.69%
272,9/25/2016,1730.64,-36.27,-2.05%
273,9/26/2016,1757.07,26.43,1.53%
274,9/27/2016,1753.72,-3.38,-0.19%
275,9/28/2016,1749.1,-4.62,-0.26%
276,9/29/2016,1753.38,4.28,0.24%
277,10/2/2016,1763.78,10.4,0.59%
278,10/3/2016,1780.4,16.62,0.94%
279,10/4/2016,1798.5,18.1,1.02%
280,10/5/2016,1806.6,8.1,0.45%
281,10/6/2016,1819.88,13.28,0.74%
282,10/16/2016,1803.74,-16.14,-0.89%
283,10/17/2016,1793.36,-10.38,-0.58%
284,10/18/2016,1792.7,-0.66,-0.04%
285,10/19/2016,1787.89,-4.84,-0.27%
286,10/20/2016,1794.47,6.58,0.37%
287,10/23/2016,1782.39,-12.08,-0.67%
288,10/24/2016,1768.89,-13.5,-0.76%
289,10/25/2016,1751,-17.89,-1.01%
290,10/26/2016,1753.46,2.46,0.14%
291,10/27/2016,1759.71,6.25,0.36%
292,11/3/2016,1762.21,2.5,0.14%
293,11/7/2016,1749.12,-13.09,-0.74%
294,11/8/2016,1724.49,-24.63,-1.41%
295,11/9/2016,1696.86,-27.63,-1.60%
296,11/10/2016,1697.17,0.31,0.02%
297,11/13/2016,1700,2.83,0.17%
298,11/14/2016,1706.28,6.28,0.37%
299,11/15/2016,1701.91,-4.37,-0.26%
300,11/16/2016,1698.9,-3.01,-0.18%
301,11/17/2016,1658.08,-40.82,-2.40%
302,11/20/2016,1599.62,-58.46,-3.53%
303,11/21/2016,1606.29,6.67,0.42%
304,11/22/2016,1582.47,-23.82,-1.48%
305,11/23/2016,1540.01,-42.46,-2.68%
306,11/24/2016,1534.03,-5.98,-0.39%
307,11/27/2016,1469.48,-64.55,-4.21%
308,11/28/2016,1510.16,40.68,2.77%
309,11/29/2016,1553.68,43.52,2.88%
310,11/30/2016,1608.33,54.65,3.52%
311,12/1/2016,1600.49,-7.84,-0.49%
312,12/4/2016,1570.95,-29.54,-1.85%
313,12/5/2016,1544.6,-26.35,-1.68%
314,12/6/2016,1554.51,9.91,0.64%
315,12/7/2016,1553.9,-0.61,-0.04%
316,12/8/2016,1544.68,-9.22,-0.59%
317,12/11/2016,1522.8,-21.88,-1.42%
318,12/12/2016,1509.43,-13.37,-0.88%
319,12/14/2016,1516.08,6.65,0.44%
320,12/15/2016,1530.06,13.98,0.92%
321,12/18/2016,1531.35,1.29,0.08%
322,12/19/2016,1514.88,-16.47,-1.08%
323,12/20/2016,1495.99,-18.89,-1.25%
324,12/21/2016,1470.63,-25.36,-1.70%
325,12/22/2016,1475.41,4.78,0.33%
326,12/26/2016,1432.57,-42.84,-2.90%
327,12/27/2016,1407.53,-25.04,-1.75%
328,12/28/2016,1413.15,5.62,0.40%
329,12/29/2016,1443.38,30.23,2.14%
330,1/1/2017,1465.72,22.34,1.55%
331,1/2/2017,1482.85,17.13,1.17%
332,1/3/2017,1456.82,-26.03,-1.76%
333,1/4/2017,1457.82,1,0.07%
334,1/5/2017,1454.14,-3.68,-0.25%
335,1/8/2017,1447.45,-6.69,-0.46%
336,1/9/2017,1458.97,11.52,0.80%
337,1/10/2017,1476.9,17.93,1.23%
338,1/11/2017,1476.51,-0.39,-0.03%
339,1/12/2017,1479.86,3.35,0.23%
340,1/15/2017,1477.72,-2.14,-0.14%
341,1/16/2017,1466.09,-11.63,-0.79%
342,1/17/2017,1463.04,-3.05,-0.21%
343,1/18/2017,1462.23,-0.81,-0.06%
344,1/19/2017,1462.56,0.33,0.02%
345,1/22/2017,1465.84,3.28,0.22%
346,1/23/2017,1457.88,-7.96,-0.54%
347,1/24/2017,1432.99,-24.89,-1.71%
348,1/25/2017,1396.61,-36.38,-2.54%
349,1/26/2017,1375.14,-21.47,-1.54%
350,1/30/2017,1309.7,-65.44,-4.76%
351,1/31/2017,1326.6,16.9,1.29%
352,2/1/2017,1389.83,63.23,4.77%
353,2/2/2017,1382.45,-7.38,-0.53%
354,2/5/2017,1364.5,-17.95,-1.30%
355,2/6/2017,1348.84,-15.66,-1.15%
356,2/7/2017,1344.6,-4.24,-0.31%
357,2/8/2017,1322.98,-21.62,-1.61%
358,2/9/2017,1296.23,-26.75,-2.02%
359,2/12/2017,1252.5,-43.73,-3.37%
360,2/13/2017,1278.98,26.48,2.11%
361,2/14/2017,1274.97,-4.01,-0.31%
362,2/15/2017,1316.8,41.83,3.28%
363,2/16/2017,1343.85,27.05,2.05%
364,2/19/2017,1369.35,25.5,1.90%
365,2/20/2017,1365.11,-4.24,-0.31%
366,2/21/2017,1357.57,-7.54,-0.55%
367,2/22/2017,1344.11,-13.46,-0.99%
368,2/23/2017,1337.46,-6.65,-0.49%
369,2/26/2017,1313.01,-24.45,-1.83%
370,2/28/2017,1299.29,-13.72,-1.04%
371,3/1/2017,1316.8,17.51,1.35%
372,3/2/2017,1329.41,12.61,0.96%
373,3/5/2017,1354.34,24.93,1.88%
374,3/6/2017,1358.41,4.07,0.30%
375,3/7/2017,1341.6,-16.81,-1.24%
376,3/9/2017,1347.53,5.97,0.45%
377,3/13/2017,1355.23,7.7,0.57%
378,3/14/2017,1347.09,-8.14,-0.60%
379,3/15/2017,1356.13,9.04,0.67%
380,3/16/2017,1357.34,1.21,0.09%
381,3/19/2017,1382.19,24.85,1.83%
382,3/20/2017,1424.38,42.19,3.05%
383,3/21/2017,1462.23,37.85,2.66%
384,3/22/2017,1481.08,18.85,1.29%
385,3/23/2017,1486.04,4.96,0.33%
386,3/26/2017,1533.83,47.79,3.22%
387,3/28/2017,1610.62,76.79,5.01%
388,3/29/2017,1588.29,-22.33,-1.39%
389,3/30/2017,1587.64,-0.65,-0.04%
390,4/2/2017,1667.11,79.47,5.01%
391,4/3/2017,1660.52,-6.59,-0.40%
392,4/4/2017,1657.02,-3.5,-0.21%
393,4/6/2017,1651.04,-5.98,-0.36%
394,4/9/2017,1651.6,0.56,0.03%
395,4/10/2017,1676.49,24.89,1.51%
396,4/11/2017,1709.82,33.6,2%
397,4/12/2017,1703.07,-6.75,-0.39%
398,4/13/2017,1697.13,-5.94,-0.35%
399,4/16/2017,1651.61,-45.52,-2.68%
400,4/18/2017,1612.04,-39.57,-2.40%
401,4/19/2017,1662.02,49.98,3.10%
402,4/20/2017,1658.34,-3.68,-0.22%
403,4/23/2017,1693.72,35.38,2.13%
404,4/24/2017,1675.78,-17.94,-1.06%
405,4/25/2017,1672.38,-3.4,-0.20%
406,4/26/2017,1670.3,-2.08,-0.12%
407,4/27/2017,1670.62,0.32,0.02%
408,4/30/2017,1650.78,-19.84,-1.19%
409,5/2/2017,1658.33,7.55,0.46%
410,5/3/2017,1662.38,4.05,0.24%
411,5/4/2017,1653.18,-9.2,-0.55%
412,5/7/2017,1628.98,-24.2,-1.46%
413,5/8/2017,1637.3,8.32,0.51%
414,5/9/2017,1650.81,13.51,0.83%
415,5/11/2017,1658.58,7.77,0.47%
416,5/15/2017,1659.23,0.65,0.04%
417,5/16/2017,1649.24,-9.99,-0.60%
418,5/17/2017,1644.26,-4.98,-0.30%
419,5/18/2017,1643.87,-0.39,-0.02%
420,5/21/2017,1627.24,-16.63,-1.01%
421,5/22/2017,1616.4,-10.84,-0.67%
422,6/1/2017,1604.31,-3.8,-0.24%
423,6/4/2017,1593.81,-10.5,-0.65%
424,6/5/2017,1602.65,8.84,0.55%
425,6/6/2017,1637.37,34.72,2.17%
426,6/7/2017,1623.13,-14.24,-0.87%
427,6/8/2017,1615.19,-7.94,-0.49%
428,6/11/2017,1590.49,-24.7,-1.53%
429,6/12/2017,1580.52,-9.97,-0.63%
430,6/13/2017,1585.15,4.63,0.29%
431,6/14/2017,1584.49,-0.66,-0.04%
432,6/15/2017,1589.59,5.1,0.32%
433,6/18/2017,1575.98,-13.61,-0.86%
434,6/19/2017,1555.16,-20.82,-1.32%
435,6/20/2017,1551.07,-4.09,-0.26%
436,6/21/2017,1554.69,3.62,0.23%
437,6/22/2017,1559.49,4.8,0.31%
438,6/25/2017,1567.72,8.23,0.53%
439,6/27/2017,1565.09,-2.63,-0.17%
440,6/28/2017,1563.81,0,0%
441,7/2/2017,1541.82,-21.99,-1.41%
442,7/3/2017,1544.29,2.47,0.16%
443,7/4/2017,1541.28,-3.01,-0.19%
444,7/5/2017,1551.06,9.78,0.63%
445,7/6/2017,1582.11,31.05,2%
446,7/9/2017,1584.15,2.04,0.13%
447,7/10/2017,1575.22,-8.93,-0.56%
448,7/10/2017,1575.22,-8.93,-0.56%
449,7/11/2017,1585.01,9.79,0.62%
450,7/12/2017,1587.25,2.24,0.14%
451,7/13/2017,1582.67,-4.89,-0.31%
452,7/16/2017,1583.57,0.9,0.06%
453,7/17/2017,1604.15,20.58,1.30%
454,7/18/2017,1638.41,34.26,2.14%
455,7/19/2017,1637.27,-1.14,-0.07%
456,7/20/2017,1635.75,-1.52,-0.09%
457,7/23/2017,1635.56,-0.19,-0.01%
458,7/24/2017,1629.08,-6.48,-0.40%
459,7/25/2017,1636.19,7.11,0.44%
460,7/26/2017,1645.03,8.84,0.54%
461,7/27/2017,1646.53,1.5,0.09%
462,7/30/2017,1643.28,-3.25,-0.20%
463,7/31/2017,1652.69,9.41,0.57%
464,8/1/2017,1660.25,7.56,0.46%
465,8/2/2017,1662.74,2.49,0.15%
466,8/6/2017,1665.05,4.47,0.27%
467,8/7/2017,1667.94,2.89,0.17%
468,8/9/2017,1661.72,-6.22,-0.37%
469,8/10/2017,1653.53,-8.19,-0.49%
470,8/13/2017,1642.13,-11.4,-0.69%
471,8/15/2017,1629.16,-12.97,-0.79%
472,8/16/2017,1632.66,3.5,0.21%
473,8/17/2017,1629.75,-2.91,-0.18%
474,8/20/2017,1617.97,-11.78,-0.72%
475,8/21/2017,1611.57,-6.4,-0.40%
476,8/22/2017,1614.05,2.48,0.15%
477,8/23/2017,1611.27,-2.78,-0.17%
478,8/24/2017,1617.81,6.54,0.41%
479,8/27/2017,1622.32,4.51,0.28%
480,8/28/2017,1612.91,-9.41,-0.58%
481,8/30/2017,1598.36,-14.55,-0.90%
482,8/31/2017,1580.03,-18.33,-1.15%
483,9/4/2017,1554.56,-25.47,-1.61%
484,9/6/2017,1566.5,11.94,0.77%
485,9/7/2017,1554.55,-11.95,-0.76%
486,9/10/2017,1519.66,-34.89,-2.24%
487,9/11/2017,1523.26,3.6,0.24%
488,9/12/2017,1502.2,-21.06,-1.38%
489,9/13/2017,1493.2,-9,-0.60%
490,9/14/2017,1530.31,37.11,2.49%
491,9/17/2017,1547.94,17.63,1.15%
492,9/18/2017,1543.7,-4.24,-0.27%
493,9/20/2017,1539.81,-3.89,-0.25%
494,9/24/2017,1536.92,-2.89,-0.19%
495,9/25/2017,1545.44,8.52,0.55%
496,9/26/2017,1549.46,4.02,0.26%
497,10/3/2017,1556.35,6.89,0.44%
498,10/4/2017,1542.65,-13.7,-0.88%
499,10/8/2017,1510.01,-32.64,-2.12%
500,10/9/2017,1501.89,-8.12,-0.54%
501,10/10/2017,1502.63,0.74,0.05%
502,10/11/2017,1505.99,3.36,0.22%
503,10/12/2017,1510.02,4.03,0.27%
504,10/15/2017,1518.28,8.26,0.55%
505,10/16/2017,1564.9,46.62,3.07%
506,10/17/2017,1559.18,-5.72,-0.37%
507,10/18/2017,1568.35,9.17,0.59%
508,10/22/2017,1571.92,3.57,0.23%
509,10/23/2017,1568.3,-3.62,-0.23%
510,10/24/2017,1567.64,-0.66,-0.04%
511,10/25/2017,1553.66,-13.98,-0.89%
512,10/29/2017,1540.23,-13.49,-0.87%
513,10/30/2017,1536.72,-3.51,-0.23%
514,10/31/2017,1533.53,-3.19,-0.21%
515,11/1/2017,1526.51,-7.02,-0.46%
516,11/2/2017,1522.81,-3.7,-0.24%
517,11/5/2017,1496.46,-26.35,-1.73%
518,11/6/2017,1493.42,-3.04,-0.20%
519,11/7/2017,1484.45,-8.97,-0.60%
520,11/8/2017,1466.62,-17.83,-1.20%
521,11/9/2017,1460.73,-5.89,-0.40%
522,11/12/2017,1477.14,16.41,1.12%
523,11/13/2017,1490.88,13.74,0.93%
524,11/14/2017,1516.02,25.14,1.69%
525,11/15/2017,1504.79,-11.23,-0.74%
526,11/16/2017,1489.06,-15.73,-1.05%
527,11/19/2017,1475.72,-13.34,-0.90%
528,11/20/2017,1469.16,-6.56,-0.44%
529,11/21/2017,1472.24,3.08,0.21%
530,11/22/2017,1480.26,8.02,0.54%
531,11/23/2017,1493.29,13.03,0.88%
532,11/26/2017,1514.34,21.05,1.41%
533,11/27/2017,1513.74,-0.6,-0.04%
534,11/28/2017,1523.86,10.12,0.67%
535,11/29/2017,1536.12,12.26,0.80%
536,11/30/2017,1537.67,1.55,0.10%
537,12/4/2017,1526.77,-10.9,-0.71%
538,12/5/2017,1524.87,-1.9,-0.12%
539,12/6/2017,1536.54,11.67,0.77%
540,12/10/2017,1530.49,-6.05,-0.39%
541,12/11/2017,1527.75,-2.74,-0.18%
542,12/12/2017,1510.21,-17.54,-1.15%
543,12/13/2017,1520.74,10.53,0.70%
544,12/14/2017,1520.15,-0.59,-0.04%
545,12/17/2017,1509.14,-11.01,-0.72%
546,12/18/2017,1508.25,-0.89,-0.06%
547,12/19/2017,1493.76,-14.49,-0.96%
548,12/20/2017,1484.47,-9.29,-0.62%
549,12/21/2017,1472.15,-12.32,-0.83%
550,12/24/2017,1467.68,-4.47,-0.30%
551,12/26/2017,1447.04,-20.64,-1.41%
552,12/27/2017,1425.51,-21.53,-1.49%
553,12/28/2017,1414.78,-10.73,-0.75%
554,12/31/2017,1390.58,-24.2,-1.71%
555,1/1/2018,1434.8,44.22,3.18%
556,1/2/2018,1437.24,2.44,0.17%
557,1/3/2018,1416.61,-20.63,-1.44%
558,1/4/2018,1423.83,7.22,0.51%
559,1/7/2018,1431.8,7.97,0.56%
560,1/8/2018,1443.8,12,0.84%
561,1/9/2018,1456.07,12.27,0.85%
562,1/10/2018,1440.29,-15.78,-1.08%
563,1/14/2018,1431.1,-9.19,-0.64%
564,1/16/2018,1413.71,-17.39,-1.22%
565,1/17/2018,1406.52,-7.19,-0.51%
566,1/21/2018,1402.67,-3.85,-0.27%
567,1/22/2018,1402.09,-0.58,-0.04%
568,1/23/2018,1393.04,-9.05,-0.65%
569,1/24/2018,1394.73,1.69,0.12%
570,1/25/2018,1404.53,9.8,0.70%
571,1/28/2018,1405.95,1.42,0.10%
572,1/29/2018,1402.23,-3.72,-0.26%
573,1/31/2018,1404.49,2.26,0.16%
574,2/1/2018,1411.52,7.03,0.50%
575,2/4/2018,1410.51,-1.01,-0.07%
576,2/5/2018,1400.05,-10.46,-0.74%
577,2/6/2018,1394.03,-6.02,-0.43%
578,2/7/2018,1382.02,-12.01,-0.86%
579,2/8/2018,1391.03,9.01,0.65%
580,2/11/2018,1384.71,-6.32,-0.45%
581,2/12/2018,1380.29,-4.42,-0.32%
582,2/14/2018,1388.94,8.65,0.63%
583,2/15/2018,1424.95,36.01,2.59%
584,2/18/2018,1413.9,-11.05,-0.78%
585,2/20/2018,1396.72,-17.18,-1.22%
586,2/21/2018,1387.08,-9.64,-0.69%
587,2/22/2018,1386.98,-0.1,-0.01%
588,2/25/2018,1374.73,-12.25,-0.88%
589,2/26/2018,1358.95,-15.78,-1.15%
590,2/27/2018,1364.81,5.86,0.43%
591,2/28/2018,1345.99,-18.82,-1.38%
592,3/4/2018,1304.43,-41.56,-3.09%
593,3/5/2018,1287.74,-16.69,-1.28%
594,3/6/2018,1296.44,8.7,0.68%
595,3/7/2018,1315.13,18.69,1.44%
596,3/11/2018,1284.09,-31.04,-2.36%
597,3/12/2018,1277.01,-7.08,-0.55%
598,3/13/2018,1281.9,4.89,0.38%
599,3/14/2018,1285.96,4.06,0.32%
600,3/15/2018,1288.36,2.4,0.19%
601,3/18/2018,1278.96,-9.4,-0.73%
602,3/19/2018,1270.52,-8.44,-0.66%
603,3/20/2018,1255.47,-15.05,-1.18%
604,3/21/2018,1231.07,-24.4,-1.94%
605,3/22/2018,1220.44,-10.63,-0.86%
606,3/26/2018,1168.55,-51.89,-4.25%
607,3/27/2018,1207.71,39.16,3.35%
608,3/28/2018,1204.81,-2.9,-0.24%
609,3/29/2018,1220.29,15.48,1.28%
610,4/1/2018,1196.24,-24.05,-1.97%
611,4/2/2018,1192.96,-3.28,-0.27%
612,4/3/2018,1199,6.04,0.51%
613,4/4/2018,1226.45,27.45,2.29%
614,4/5/2018,1250.39,23.94,1.95%
615,4/8/2018,1294.65,44.26,3.54%
616,4/9/2018,1287.78,-6.87,-0.53%
617,4/10/2018,1270.23,-17.55,-1.36%
618,4/11/2018,1273.33,3.1,0.24%
619,4/12/2018,1277.55,4.22,0.33%
620,4/15/2018,1280.15,2.6,0.20%
621,4/16/2018,1297.57,17.42,1.36%
622,4/17/2018,1331.18,33.61,2.59%
623,4/18/2018,1363.08,31.9,2.40%
624,4/19/2018,1388.31,25.3,1.86%
625,4/22/2018,1438.49,50.18,3.61%
626,4/23/2018,1410.85,-27.64,-1.92%
627,4/24/2018,1394.86,-15.99,-1.13%
628,4/25/2018,1386.47,-8.39,-0.60%
629,4/26/2018,1357.22,-29.25,-2.11%
630,4/29/2018,1349.01,-8.21,-0.60%
631,5/2/2018,1360.38,11.37,0.84%
632,5/3/2018,1366.15,5.77,0.42%
633,5/6/2018,1353.64,-12.51,-0.92%
634,5/7/2018,1345.37,-8.27,-0.61%
635,5/8/2018,1361.02,15.65,1.16%
636,5/9/2018,1356.15,-4.87,-0.36%
637,5/10/2018,1348.45,-7.7,-0.57%
638,5/14/2018,1338.17,-10.28,-0.76%
639,5/15/2018,1333.85,-4.32,-0.32%
640,5/16/2018,1338.01,4.16,0.31%
641,5/17/2018,1339.65,1.64,0.12%
642,5/20/2018,1339.19,-0.46,-0.03%
643,5/21/2018,1336.13,-3.06,-0.23%
644,5/22/2018,1332.82,-4.31,-0.32%
645,5/23/2018,1328.27,-4.55,-0.34%
646,5/24/2018,1318.22,-10.05,-0.76%
647,5/27/2018,1300.41,-17.81,-1.35%
648,5/28/2018,1336.39,35.98,2.77%
649,5/29/2018,1327.21,-9.18,-0.69%
650,5/30/2018,1322.27,-4.94,-0.37%
651,5/31/2018,1307.66,-14.61,-1.10%
652,6/3/2018,1273.95,-33.71,-2.58%
653,6/4/2018,1268.84,-5.11,-0.40%
654,6/6/2018,1282.75,13.91,1.10%
655,6/7/2018,1257.07,-25.68,-2%
656,6/10/2018,1231.64,-25.43,-2.02%
657,6/11/2018,1241.19,9.55,0.78%
658,6/12/2018,1239.26,-1.93,-0.16%
659,6/13/2018,1242.07,2.81,0.23%
660,6/14/2018,1247.3,5.23,0.42%
661,6/17/2018,1233.23,-14.07,-1.13%
662,6/18/2018,1235.15,1.92,0.16%
663,6/19/2018,1226.18,-8.97,-0.73%
664,6/20/2018,1217.84,-8.34,-0.68%
665,6/21/2018,1218.46,0.62,0.05%
666,6/24/2018,1219.81,1.35,0.11%
667,6/25/2018,1210.09,-9.72,-0.80%
668,6/26/2018,1194.8,-15.29,-1.26%
669,6/27/2018,1199.42,4.62,0.39%
670,6/28/2018,1198.54,-0.88,-0.07%
671,7/1/2018,1184.53,-14.01,-1.17%
672,7/2/2018,1179.71,-4.82,-0.41%
673,7/3/2018,1180.36,0.65,0.06%
674,7/4/2018,1188.4,8.04,0.68%
675,7/5/2018,1224.41,36.01,3.03%
676,7/8/2018,1224.39,-0.02,0%
677,7/9/2018,1206.43,-17.96,-1.47%
678,7/10/2018,1205.93,-0.5,-0.04%
679,7/11/2018,1205.64,-0.29,-0.02%
680,7/12/2018,1191.98,-13.66,-1.13%
681,7/15/2018,1200.09,8.11,0.68%
682,7/16/2018,1212.36,12.27,1.02%
683,7/17/2018,1204.31,-8.05,-0.66%
684,7/18/2018,1198.77,-5.54,-0.46%
685,7/19/2018,1193.39,-5.38,-0.45%
686,7/22/2018,1181.66,-11.73,-0.98%
687,7/23/2018,1194.5,12.84,1.09%
688,7/24/2018,1199.27,4.77,0.40%
689,7/25/2018,1194.35,-4.92,-0.41%
690,7/26/2018,1191.2,-3.15,-0.26%
691,7/29/2018,1194.82,3.62,0.30%
692,7/30/2018,1194.38,-0.44,-0.04%
693,7/31/2018,1191.47,-2.91,-0.24%
694,8/1/2018,1193.87,2.4,0.20%
695,8/2/2018,1191.31,-2.56,-0.21%
696,8/5/2018,1189.88,-1.43,-0.12%
697,8/6/2018,1189.67,-0.21,-0.02%
698,8/7/2018,1188.21,-1.46,-0.12%
699,8/8/2018,1187.32,-0.89,-0.07%
700,8/9/2018,1180.63,-6.69,-0.56%
701,8/12/2018,1163.94,-16.69,-1.41%
702,8/13/2018,1174.37,10.43,0.90%
703,8/14/2018,1180.98,6.61,0.56%
704,8/15/2018,1209.71,28.73,2.43%
705,8/16/2018,1210.32,0.61,0.05%
706,8/19/2018,1196.29,-14.03,-1.16%
707,8/20/2018,1188.07,-8.22,-0.69%
708,8/21/2018,1183.89,-4.18,-0.35%
709,8/22/2018,1182.42,-1.47,-0.12%
710,8/23/2018,1178.5,-3.92,-0.33%
711,8/26/2018,1175.72,-2.78,-0.24%
712,8/28/2018,1177.09,1.37,0.12%
713,8/29/2018,1172.3,-4.79,-0.41%
714,8/30/2018,1181.69,9.39,0.80%
715,9/2/2018,1190.28,8.59,0.73%
716,9/3/2018,1206.26,15.98,1.34%
717,9/4/2018,1210.24,3.98,0.33%
718,9/5/2018,1234.13,23.89,1.97%
719,9/6/2018,1229.77,-4.36,-0.35%
720,9/9/2018,1218.98,-10.79,-0.88%
721,9/10/2018,1210.88,-8.1,-0.66%
722,9/11/2018,1217.65,6.77,0.56%
723,9/12/2018,1230.71,13.06,1.07%
724,9/13/2018,1244.84,14.13,1.15%
725,9/16/2018,1256.53,11.69,0.94%
726,9/17/2018,1256.4,-0.13,-0.01%
727,9/18/2018,1258.81,2.41,0.19%
728,9/20/2018,1255.07,-3.74,-0.30%
729,9/23/2018,1257.68,2.61,0.21%
730,9/25/2018,1280.05,22.37,1.78%
731,9/26/2018,1277.74,-2.31,-0.18%
732,9/27/2018,1267.18,-10.56,-0.83%
733,9/30/2018,1256.71,-10.47,-0.83%
734,10/1/2018,1238.67,-18.04,-1.44%
735,10/2/2018,1241.36,2.69,0.22%
736,10/3/2018,1230.6,-10.76,-0.87%
737,10/4/2018,1227.37,-3.23,-0.26%
738,10/7/2018,1214.36,-13.01,-1.06%
739,10/8/2018,1220.52,6.16,0.51%
740,10/9/2018,1217.93,-2.59,-0.21%
741,10/10/2018,1218.33,0.4,0.03%
742,10/11/2018,1228.28,9.95,0.82%
743,10/14/2018,1242.43,14.15,1.15%
744,10/15/2018,1241.63,-0.8,-0.06%
745,10/21/2018,1246.52,4.89,0.39%
746,10/22/2018,1244.54,-1.98,-0.16%
747,10/23/2018,1241.84,-2.7,-0.22%
748,10/24/2018,1249.93,8.09,0.65%
749,10/25/2018,1241.11,-8.82,-0.71%
750,10/28/2018,1227.49,-13.62,-1.10%
751,10/29/2018,1216.93,-10.56,-0.86%
752,10/30/2018,1224.36,7.43,0.61%
753,10/31/2018,1221.46,-2.9,-0.24%
754,11/1/2018,1220.98,-0.48,-0.04%
755,11/4/2018,1207.28,-13.7,-1.12%
756,11/5/2018,1219.2,11.92,0.99%
757,11/6/2018,1222.53,3.53,0.27%
758,11/11/2018,1205.79,-16.74,-1.37%
759,11/12/2018,1193.34,-12.44,-1.03%
760,11/13/2018,1207.57,14.24,1.19%
761,11/14/2018,1208.89,1.32,0.11%
762,11/15/2018,1205.02,-3.88,-0.32%
763,11/18/2018,1195.45,-9.56,-0.79%
764,11/19/2018,1190.2,-5.25,-0.44%
765,11/20/2018,1181.75,-8.46,-0.71%
766,11/21/2018,1182.74,1,0.08%
767,11/22/2018,1181.24,-1.3,-0.11%
768,11/25/2018,1166.63,-14.62,-1.24%
769,11/26/2018,1159.82,-6.8,-0.58%
770,11/27/2018,1161.49,1.66,0.14%
771,11/28/2018,1159.08,-2.41,-0.21%
772,11/29/2018,1148.36,-10.72,-0.92%
773,12/2/2018,1130.89,-17.47,-1.52%
774,12/3/2018,1131.73,0.9,0.08%
775,12/4/2018,1131.73,10.52,0.81%
776,12/6/2018,1120.84,2.7,0.24%
777,12/9/2018,1131.7,10.85,0.97%
778,12/10/2018,1144.19,12.49,1.10%
779,12/11/2018,1141.1,-3.08,-0.27%
780,12/12/2018,1141.18,0.08,0.01%
781,12/13/2018,1148.78,7.6,0.67%
782,12/16/2018,1167.67,18.89,1.64%
783,12/17/2018,1182.78,15.17,1.30%
784,12/18/2018,1168.17,-14.61,-1.24%
785,12/19/2018,1162.7,-5.46,-0.47%
786,12/20/2018,1165.97,3.28,0.28%
787,12/23/2018,1198.18,32.24,2.77%
788,12/24/2018,1191.74,-6.45,-0.54%
789,12/25/2018,1186.03,-5.71,-0.48%
790,12/26/2018,1216.27,30.26,2.55%
791,12/27/2018,1215.16,-1.08,-0.09%
792,12/30/2018,1204.54,-10.62,-0.87%
793,12/31/2018,1187.28,-17.26,-1.43%
794,1/1/2019,1185.91,-1.36,-0.11%
795,1/2/2019,1180.43,-5.42,-0.46%
796,1/3/2019,1178.87,-1.56,-0.13%
797,1/6/2019,1170.79,-7.22,-0.61%
798,1/7/2019,1177.46,6.67,0.57%
799,1/8/2019,1177.07,-0.4,-0.03%
800,1/9/2019,1179.36,2.29,0.19%
801,1/10/2019,1180.84,1.48,0.13%
802,1/13/2019,1175.05,-5.78,-0.49%
803,1/14/2019,1178.03,2.97,0.25%
804,1/15/2019,1195.54,17.51,1.49%
805,1/16/2019,1187.97,-7.57,-0.63%
806,1/17/2019,1187.77,-0.2,-0.02%
807,1/20/2019,1179.17,-8.6,-0.72%
808,1/21/2019,1168.06,-10.86,-0.92%
809,1/22/2019,1168.83,0.78,0.07%
810,1/23/2019,1172.98,4.15,0.35%
811,1/24/2019,1172.78,-0.2,-0.02%
812,1/27/2019,1162.09,-10.68,-0.91%
813,1/28/2019,1164.89,2.79,0.24%
814,1/29/2019,1160.99,-3.89,-0.33%
815,1/30/2019,1160.59,-0.4,-0.03%
816,1/31/2019,1161.63,1.04,0.09%
817,2/3/2019,1153.06,-8.57,-0.74%
818,2/4/2019,1144.27,-8.85,-0.77%
819,2/5/2019,1147.1,2.83,0.25%
820,2/6/2019,1139.72,-7.38,-0.64%
821,2/7/2019,1139.57,-0.15,-0.01%
822,2/10/2019,1127.53,-12.05,-1.06%
823,2/11/2019,1128.86,1.34,0.12%
824,2/12/2019,1128.19,-0.67,-0.06%
825,2/13/2019,1121.08,-7.11,-0.63%
826,2/14/2019,1112.87,-8.21,-0.73%
827,2/17/2019,1109.72,-3.15,-0.28%
828,2/18/2019,1102.51,-7.21,-0.65%
829,2/19/2019,1124.96,22.44,2.04%
830,2/20/2019,1112.23,-12.72,-1.13%
831,2/21/2019,1113.07,0.84,0.08%
832,2/24/2019,1102.32,-10.75,-0.97%
833,2/25/2019,1109.73,7.41,0.67%
834,2/26/2019,1102.56,-7.17,-0.65%
835,2/27/2019,1105.53,2.97,0.27%
836,3/3/2019,1100.58,-4.95,-0.45%
837,3/5/2019,1102.64,2.06,0.19%
838,3/6/2019,1111.76,9.12,0.83%
839,3/7/2019,1127.77,16.01,1.44%
840,3/10/2019,1128.65,0.94,0.08%
841,3/11/2019,1142.93,14.28,1.26%
842,3/12/2019,1163.26,20.33,1.78%
843,3/13/2019,1150.1,-13.16,-1.13%
844,3/14/2019,1155.46,5.37,0.46%
845,3/17/2019,1161.45,5.99,0.52%
846,3/18/2019,1153.98,-7.47,-0.64%
847,3/19/2019,1147.15,-6.83,-0.59%
848,3/21/2019,1140.6,-6.86,-0.60%
849,3/24/2019,1134.8,-5.78,-0.51%
850,3/25/2019,1138.67,3.87,0.34%
851,3/26/2019,1140.72,2.07,0.18%
852,3/27/2019,1142.61,1.89,0.17%
853,3/28/2019,1144.53,2.01,0.18%
854,3/31/2019,1143.59,-0.91,-0.08%
855,4/1/2019,1149.99,6.43,0.56%
856,4/2/2019,1163.82,14.07,1.22%
857,4/3/2019,1165.84,2.01,0.17%
858,4/4/2019,1165.2,-0.64,-0.05%
859,4/7/2019,1182.36,17.16,1.47%
860,4/8/2019,1191.68,9.32,0.79%
861,4/9/2019,1181.1,-10.58,-0.89%
862,4/10/2019,1184.61,3.52,0.30%
863,4/11/2019,1184.02,-0.59,-0.05%
864,4/15/2019,1188.71,4.7,0.40%
865,4/16/2019,1212.05,23.33,1.96%
866,4/17/2019,1217.04,4.99,0.41%
867,4/18/2019,1232.26,15.22,1.25%
868,4/21/2019,1264.2,31.89,2.59%
869,4/22/2019,1256.94,-7.26,-0.57%
870,4/23/2019,1260.68,3.74,0.30%
871,4/24/2019,1279.29,19.14,1.52%
872,4/25/2019,1292.12,12.83,1%
873,4/28/2019,1314.51,22.39,1.73%
874,4/29/2019,1310.31,-4.21,-0.32%
875,4/30/2019,1298.6,-11.7,-0.89%
876,5/2/2019,1294.39,-4.21,-0.32%
877,5/5/2019,1277.68,-16.71,-1.29%
878,5/6/2019,1299.41,21.73,1.70%
879,5/7/2019,1301.28,1.87,0.14%
880,5/8/2019,1297.6,-3.68,-0.28%
881,5/9/2019,1291.96,-5.64,-0.43%
882,5/12/2019,1295.03,3.07,0.24%
883,5/13/2019,1301.34,6.3,0.49%
884,5/14/2019,1315.45,14.12,1.08%
885,5/15/2019,1321,5.55,0.42%
886,5/16/2019,1318.71,-2.29,-0.17%
887,5/19/2019,1316.84,-1.87,-0.14%
888,5/20/2019,1307.71,-9.13,-0.69%
889,5/21/2019,1312.14,4.42,0.34%
890,5/22/2019,1319.63,7.49,0.57%
891,5/23/2019,1314.55,-5.08,-0.39%
892,5/26/2019,1302.61,-11.93,-0.91%
893,5/27/2019,1302.96,0.34,0.03%
894,5/28/2019,1305.49,2.53,0.19%
895,5/29/2019,1313.88,8.39,0.64%
896,5/30/2019,1319.47,5.58,0.43%
897,6/2/2019,1305.68,-13.79,-1.05%
898,6/3/2019,1292.84,-12.84,-0.98%
899,6/4/2019,1289.28,-3.56,-0.28%
900,6/6/2019,1284.59,-4.69,-0.36%
901,6/10/2019,1275.81,-8.78,-0.69%
902,6/11/2019,1275.98,0.17,0.01%
903,6/12/2019,1272.49,-3.5,-0.27%
904,6/13/2019,1269.56,-2.92,-0.23%
905,6/16/2019,1258.27,-11.36,-0.89%
906,6/17/2019,1260.9,2.63,0.21%
907,6/18/2019,1258.67,-2.23,-0.18%
908,6/19/2019,1258.47,-0.2,-0.02%
909,6/20/2019,1258.95,0.49,0.04%
910,6/25/2019,1261.07,0.96,0.08%
911,6/26/2019,1258.29,-2.78,-0.22%
912,6/27/2019,1257.16,-1.14,-0.09%
913,6/30/2019,1244.89,-12.27,-0.98%
914,7/1/2019,1242.04,-2.86,-0.23%
915,7/2/2019,1253.06,11.02,0.89%
916,7/3/2019,1268.68,15.62,1.25%
917,7/4/2019,1260.47,-8.27,-0.65%
918,7/7/2019,1256.05,-4.45,-0.35%
919,7/8/2019,1247.35,-8.7,-0.69%
920,7/9/2019,1250.27,2.92,0.23%
921,7/10/2019,1249.15,-1.12,-0.09%
922,7/11/2019,1248.53,-0.62,-0.05%
923,7/14/2019,1249.49,0.95,0.08%
924,7/15/2019,1254.57,5.08,0.41%
925,7/16/2019,1259.02,4.45,0.35%
926,7/17/2019,1274.86,15.85,1.26%
927,7/18/2019,1272.5,-2.37,-0.19%
928,7/21/2019,1268.75,-3.75,-0.29%
929,7/22/2019,1271.23,2.48,0.20%
930,7/23/2019,1277.17,5.94,0.47%
931,7/24/2019,1284.07,6.9,0.54%
932,7/25/2019,1269.92,-14.15,-1.10%
933,7/28/2019,1252.81,-17.11,-1.35%
934,7/29/2019,1255.99,3.18,0.25%
935,7/30/2019,1259.38,3.39,0.27%
936,7/31/2019,1265.58,6.2,0.49%
937,8/1/2019,1263.84,-1.74,-0.14%
938,8/4/2019,1259.64,-4.2,-0.33%
939,8/5/2019,1255.1,-4.55,-0.36%
940,8/6/2019,1245.73,-9.36,-0.75%
941,8/7/2019,1248.49,2.75,0.22%
942,8/8/2019,1238.56,-9.92,-0.79%
943,8/11/2019,1233.72,-4.84,-0.39%
944,8/12/2019,1233.85,0.13,0.01%
945,8/13/2019,1231.07,-2.78,-0.23%
946,8/14/2019,1225.9,-5.17,-0.42%
947,8/15/2019,1224.04,-1.86,-0.15%
948,8/18/2019,1214.84,-9.2,-0.75%
949,8/19/2019,1222.07,7.23,0.60%
950,8/20/2019,1213.64,-8.43,-0.69%
951,8/21/2019,1214.06,0.42,0.03%
952,8/22/2019,1213.07,-0.99,-0.08%
953,8/25/2019,1209.62,-3.45,-0.28%
954,8/26/2019,1203.13,-6.49,-0.54%
955,8/27/2019,1208.01,4.87,0.41%
956,8/28/2019,1197.75,-10.26,-0.85%
957,8/29/2019,1196.42,-1.33,-0.11%
958,9/1/2019,1184.79,-11.63,-0.97%
959,9/2/2019,1170.34,-14.45,-1.22%
960,9/3/2019,1190.91,20.57,1.76%
961,9/4/2019,1194.77,3.87,0.32%
962,9/5/2019,1191.07,-3.7,-0.31%
963,9/8/2019,1178.46,-12.61,-1.06%
964,9/9/2019,1168.92,-9.54,-0.81%
965,9/10/2019,1166.67,-2.24,-0.19%
966,9/11/2019,1163.21,-3.46,-0.30%
967,9/12/2019,1157.89,-5.33,-0.46%
968,9/15/2019,1140.02,-17.87,-1.54%
969,9/16/2019,1123.84,-16.18,-1.42%
970,9/17/2019,1150.74,26.91,2.39%
971,9/18/2019,1173.43,22.68,1.97%
972,9/19/2019,1155.3,-18.12,-1.54%
973,9/22/2019,1139.26,-16.05,-1.39%
974,9/23/2019,1140.99,1.73,0.15%
975,9/24/2019,1134.57,-6.42,-0.56%
976,9/25/2019,1131.53,-3.03,-0.27%
977,9/26/2019,1129.81,-1.73,-0.15%
978,9/29/2019,1125.15,-4.66,-0.41%
979,9/30/2019,1135.57,10.42,0.93%
980,10/1/2019,1145.69,10.13,0.89%
981,10/2/2019,1140.71,-4.98,-0.44%
982,10/3/2019,1149.4,8.69,0.76%
983,10/10/2019,1149.01,-0.39,-0.03%
984,10/14/2019,1136.96,-12.05,-1.05%
985,10/15/2019,1142.05,5.08,0.45%
986,10/16/2019,1137.04,-5.01,-0.44%
987,10/17/2019,1137.75,0.71,0.06%
988,10/20/2019,1133.72,-4.03,-0.35%
989,10/21/2019,1132.4,-1.33,-0.12%
990,10/22/2019,1134.8,2.4,0.21%
991,10/23/2019,1142.6,7.79,0.69%
992,10/24/2019,1149.34,6.73,0.59%
993,10/31/2019,1146.17,-3.17,-0.28%
994,11/3/2019,1139.29,-6.88,-0.60%
995,11/4/2019,1140.26,0.97,0.09%
996,11/5/2019,1139.46,-0.81,-0.07%
997,11/6/2019,1138.02,-1.44,-0.13%
998,11/7/2019,1131.97,-6.05,-0.53%
999,11/10/2019,1131.8,-0.18,-0.02%
1000,11/11/2019,1145.57,13.77,1.22%
1001,11/12/2019,1139.96,-5.61,-0.49%
1002,11/13/2019,1135.16,-4.8,-0.42%
1003,11/14/2019,1135.95,0.79,0.07%
1004,11/17/2019,1131.36,-4.59,-0.40%
1005,11/18/2019,1131.13,-0.24,-0.02%
1006,11/19/2019,1129.99,-1.14,-0.10%
1007,11/20/2019,1128.34,-1.65,-0.15%
1008,11/21/2019,1120.6,-7.74,-0.69%
1009,11/24/2019,1110.08,-10.54,-0.94%
1010,11/25/2019,1110.08,0,0%
1011,11/26/2019,1109.17,-0.91,-0.08%
1012,11/27/2019,1117.46,8.3,0.75%
1013,11/28/2019,1112.79,-4.67,-0.42%
1014,12/1/2019,1112.86,0.07,0.01%
1015,12/2/2019,1111.99,-0.86,-0.08%
1016,12/3/2019,1115.75,3.75,0.34%
1017,12/4/2019,1124.47,8.73,0.78%
1018,12/5/2019,1131.92,7.45,0.66%
1019,12/8/2019,1135.38,3.45,0.31%
1020,12/9/2019,1148.89,13.51,1.19%
1021,12/10/2019,1151.37,2.48,0.22%
1022,12/11/2019,1161.48,10.11,0.88%
1023,12/12/2019,1172.65,11.17,0.96%
1024,12/15/2019,1167.87,-4.78,-0.41%
1025,12/16/2019,1154.12,-13.75,-1.18%
1026,12/17/2019,1155.38,1.26,0.11%
1027,12/18/2019,1152.07,-3.3,-0.29%
1028,12/19/2019,1149.65,-2.42,-0.21%
1029,12/22/2019,1150.82,1.17,0.10%
1030,12/23/2019,1168.58,17.77,1.54%
1031,12/24/2019,1166.22,-2.37,-0.20%
1032,12/25/2019,1168.04,1.82,0.16%
1033,12/26/2019,1167.42,-0.62,-0.05%
1034,12/29/2019,1162.43,-4.99,-0.43%
1035,12/30/2019,1167.96,5.53,0.48%
1036,12/31/2019,1166.04,-1.92,-0.16%
1037,1/1/2020,1169.5,3.47,0.30%
1038,1/2/2020,1166.22,-3.29,-0.28%
1039,1/5/2020,1182.31,16.09,1.38%
1040,1/6/2020,1200.7,18.26,1.54%
1041,1/7/2020,1216.93,16.23,1.35%
1042,1/8/2020,1209.6,-7.32,-0.60%
1043,1/9/2020,1213.12,3.51,0.29%
1044,1/12/2020,1255.72,42.61,3.51%
1045,1/13/2020,1270.87,15.14,1.21%
1046,1/14/2020,1263.38,-7.48,-0.59%
1047,1/15/2020,1284.23,20.85,1.65%
1048,1/16/2020,1310.23,26,2.02%
1049,1/19/2020,1343.66,33.43,2.55%
1050,1/20/2020,1317.12,-26.54,-1.98%
1051,1/21/2020,1320.47,3.36,0.26%
1052,1/22/2020,1313.42,-7.05,-0.53%
1053,1/23/2020,1297.48,-15.95,-1.21%
1054,1/26/2020,1276.68,-20.79,-1.60%
1055,1/27/2020,1300.63,23.95,1.88%
1056,1/28/2020,1306.15,5.52,0.42%
1057,1/29/2020,1305.88,-0.27,-0.02%
1058,1/30/2020,1325.39,19.51,1.49%
1059,2/2/2020,1346.65,21.26,1.60%
1060,2/3/2020,1349.14,2.49,0.18%
1061,2/4/2020,1337.05,-12.09,-0.90%
1062,2/5/2020,1342.36,5.31,0.40%
1063,2/6/2020,1333.69,-8.67,-0.65%
1064,2/9/2020,1319.99,-13.7,-1.03%
1065,2/10/2020,1324.27,4.28,0.32%
1066,2/11/2020,1341.38,17.11,1.29%
1067,2/12/2020,1345.98,4.6,0.34%
1068,2/13/2020,1344.59,-1.39,-0.10%
1069,2/16/2020,1363.98,19.39,1.44%
1070,2/17/2020,1398.24,34.26,2.51%
1071,2/18/2020,1400.01,1.77,0.13%
1072,2/19/2020,1405.26,5.24,0.37%
1073,2/20/2020,1434.58,29.32,2.09%
1074,2/23/2020,1504.14,69.56,4.85%
1075,2/24/2020,1502.18,-1.96,-0.13%
1076,2/25/2020,1545.2,43.02,2.86%
1077,2/26/2020,1596.13,50.93,3.30%
1078,2/27/2020,1632.18,36.05,2.26%
1079,3/1/2020,1591.36,-40.82,-2.50%
1080,3/2/2020,1495.3,-96.06,-6.04%
1081,3/3/2020,1509.68,14.37,0.96%
1082,3/4/2020,1441.2,-68.47,-4.54%
1083,3/5/2020,1435.7,-5.5,-0.38%
1084,3/10/2020,1349.32,-86.39,-6.02%
1085,3/11/2020,1423.09,73.78,5.47%
1086,3/12/2020,1377.18,-45.91,-3.23%
1087,3/15/2020,1313.04,-64.14,-4.66%
1088,3/16/2020,1316.4,3.35,0.26%
1089,3/17/2020,1272.07,-44.33,-3.37%
1090,3/18/2020,1255.8,-16.26,-1.28%
1091,3/19/2020,1269.31,13.5,1.08%
1092,3/22/2020,1251.46,-18.2,-1.43%
1093,5/12/2020,1226.16,-25.3,-2.02%
1094,5/13/2020,1201.58,-24.58,-2%
1095,6/29/2020,1196.35,-5.23,-0.43%
1096,6/30/2020,1260.76,72.05,6.06%
1097,7/1/2020,1336.53,75.77,6.01%
1098,7/2/2020,1256.11,-80.41,-6.02%
1099,7/5/2020,1265.46,9.35,0.74%
1100,7/6/2020,1298.73,33.27,2.63%
1101,7/7/2020,1336.67,37.93,2.92%
1102,7/8/2020,1326.54,-10.13,-0.76%
1103,7/12/2020,1340.29,9.02,0.68%
1104,7/13/2020,1342.41,2.12,0.16%
1105,7/14/2020,1347.45,5.04,0.38%
1106,7/16/2020,1394.77,32.42,2.38%
1107,7/19/2020,1479.03,84.26,6.04%
1108,7/20/2020,1464.94,-14.09,-0.95%
1109,7/21/2020,1449.95,-14.99,-1.02%
1110,7/22/2020,1432.45,-17.5,-1.21%
1111,7/23/2020,1442.62,10.13,0.71%
1112,7/26/2020,1465.11,22.4,1.55%
1113,7/27/2020,1462.48,-2.62,-0.18%
1114,7/28/2020,1454.89,-7.59,-0.52%
1115,7/29/2020,1431.53,-23.36,-1.61%
1116,7/30/2020,1439.06,7.53,0.53%
1117,8/2/2020,1396.28,-42.78,-2.97%
1118,8/3/2020,1403.87,7.59,0.54%
1119,8/5/2020,1382.67,-21.2,-1.51%
1120,8/6/2020,1381.38,-1.29,-0.09%
1121,8/9/2020,1392.68,11.3,0.82%
1122,8/10/2020,1430.42,37.74,2.71%
1123,8/11/2020,1423.81,-6.61,-0.46%
1124,8/12/2020,1425.32,1.51,0.11%
1125,8/13/2020,1408.79,-16.53,-1.16%
1126,8/16/2020,1391.46,-17.33,-1.23%
1127,8/17/2020,1402.22,10.75,0.77%
1128,8/18/2020,1407.9,5.68,0.41%
1129,8/19/2020,1391.3,-16.6,-1.18%
1130,8/20/2020,1397.57,6.28,0.45%
1131,8/23/2020,1410.34,12.77,0.91%
1132,8/24/2020,1431.61,21.26,1.51%
1133,8/25/2020,1440.94,9.34,0.65%
1134,8/26/2020,1462.04,21.1,1.46%
1135,8/27/2020,1458.04,-4,-0.27%
1136,8/31/2020,1484.99,22.31,1.53%
1137,9/2/2020,1510.57,25.58,1.72%
1138,9/3/2020,1510.42,-0.15,-0.01%
1139,9/6/2020,1499.98,-10.45,-0.69%
1140,9/7/2020,1487.81,-12.17,-0.81%
1141,9/8/2020,1495.16,7.35,0.49%
1142,9/9/2020,1508.21,13.05,0.87%
1143,9/10/2020,1520.69,12.49,0.83%
1144,9/13/2020,1537.25,16.56,1.09%
1145,9/14/2020,1540.51,3.26,0.21%
1146,9/15/2020,1536.04,-4.47,-0.29%
1147,9/16/2020,1541.4,5.36,0.35%
1148,9/17/2020,1572.19,30.78,2%
1149,9/20/2020,1575.18,3,0.19%
1150,9/21/2020,1569.06,-6.12,-0.39%
1151,9/22/2020,1546.16,-22.91,-1.46%
1152,9/23/2020,1555.53,9.37,0.61%
1153,9/24/2020,1561.27,5.74,0.37%
1154,9/27/2020,1565.56,4.29,0.27%
1155,9/28/2020,1560.83,-4.73,-0.30%
1156,9/29/2020,1553.62,-7.21,-0.46%
1157,9/30/2020,1550.43,-3.19,-0.21%
1158,10/1/2020,1571.04,20.61,1.33%
1159,10/4/2020,1585.76,14.71,0.94%
1160,10/5/2020,1582.13,-3.63,-0.23%
1161,10/6/2020,1586.29,4.17,0.26%
1162,10/7/2020,1600.98,14.68,0.93%
1163,10/8/2020,1589.64,-11.34,-0.71%
1164,10/11/2020,1576.27,-13.37,-0.84%
1165,10/12/2020,1578.01,1.74,0.11%
1166,10/13/2020,1568.59,-9.42,-0.60%
1167,10/14/2020,1561.17,-7.42,-0.47%
1168,10/15/2020,1562.46,1.29,0.08%
1169,10/18/2020,1556.8,-5.66,-0.36%
1170,10/19/2020,1570.38,13.58,0.87%
1171,10/20/2020,1583.61,13.22,0.84%
1172,10/21/2020,1597.72,13.94,0.88%
1173,10/22/2020,1606.26,8.54,0.53%
1174,10/28/2020,1647.46,41.2,2.57%
1175,10/29/2020,1645.68,-1.78,-0.11%
1176,11/1/2020,1640.96,-4.72,-0.29%
1177,11/2/2020,1637.63,-3.33,-0.20%
1178,11/3/2020,1643.04,5.4,0.33%
1179,11/4/2020,1640.64,-2.39,-0.15%
1180,11/5/2020,1636.17,-4.47,-0.27%
1181,11/8/2020,1648.58,12.49,0.76%
1182,11/9/2020,1652.81,4.22,0.26%
1183,11/10/2020,1678.79,25.98,1.57%
1184,11/11/2020,1707.68,28.89,1.72%
1185,11/12/2020,1718.5,10.82,0.63%
1186,11/18/2020,1741.81,23.32,1.36%
1187,11/19/2020,1778.13,36.32,2.08%
1188,11/22/2020,1782.81,4.69,0.26%
1189,11/23/2020,1780.43,-2.38,-0.13%
1190,11/24/2020,1810.11,29.68,1.67%
1191,11/25/2020,1874.82,64.7,3.57%
1192,11/26/2020,1893.25,18.43,0.98%
1193,11/29/2020,1968.27,75.02,3.96%
1194,11/30/2020,1997.06,28.79,1.46%
1195,12/1/2020,2000.4,3.35,0.17%
1196,12/2/2020,2071.03,70.62,3.53%
1197,12/3/2020,2055.46,-15.57,-0.75%
1198,12/6/2020,1932.11,-123.34,-6%
1199,12/7/2020,2004.39,72.28,3.74%
1200,12/8/2020,1995.35,-9.04,-0.45%
1201,12/9/2020,1955.75,-39.6,-1.98%
1202,12/10/2020,1964.02,8.27,0.42%
1203,2020/12/13,2010.45,46.43,2.3642%
1204,2020/12/14,2067.17,56.72,2.8212%
